Batch Size,Learning Rate,Validation Energy Loss,Achieved in Block
256,1e-05,0.047669146209955215,14
512,1e-05,0.05048350617289543,19
