Batch Size,Learning Rate,Validation Energy Loss,Achieved in Block
256,1e-05,0.048744287341833115,12
512,1e-05,0.04881919547915459,27
