Batch Size,Learning Rate,Validation Energy Loss,Achieved in Block
256,1e-05,0.04853332042694092,15
512,1e-05,0.048654358834028244,15
