Batch Size,Learning Rate,Validation Energy Loss,Achieved in Block
256,1e-05,0.049076735973358154,11
512,1e-05,0.04909847676753998,23
