Batch Size,Learning Rate,Validation Energy Loss,Achieved in Block
256,1e-05,0.050316259264945984,11
512,1e-05,0.04871826618909836,36
