Batch Size,Learning Rate,Validation Energy Loss,Achieved in Block
256,1e-05,0.047669824212789536,13
512,1e-05,0.04958981275558472,22
