Batch Size,Learning Rate,Validation Energy Loss,Achieved in Block
256,1e-05,0.04844380542635918,12
512,1e-05,0.04995790868997574,22
