Batch Size,Learning Rate,Validation Energy Loss,Achieved in Block
256,1e-05,0.048325616866350174,12
512,1e-05,0.04986252635717392,21
