Batch Size,Learning Rate,Validation Energy Loss,Achieved in Block
256,1e-05,0.04924904182553291,13
512,1e-05,0.048169609159231186,25
