Batch Size,Learning Rate,Validation Energy Loss,Achieved in Block
256,1e-05,0.04981416091322899,9
512,1e-05,0.049189526587724686,18
