Batch Size,Learning Rate,Validation Energy Loss,Achieved in Block
256,1e-05,0.04867147281765938,16
512,1e-05,0.04872044175863266,21
