Batch Size,Learning Rate,Validation Energy Loss,Achieved in Block
256,1e-05,0.04992181807756424,14
512,1e-05,0.04880881309509277,28
