Batch Size,LR,Hidden Dim,Noise Dim,Num Layer,Add BN,Resblock,Median ES,Mean ES,Min ES,Max ES,Max Blocks
512,0.001,25,4000,12,False,True,0.2046706974506378,0.2047173947095871,0.2037173956632614,0.2055598795413971,9
