Batch Size,Learning Rate,Validation Energy Loss,Achieved in Block
256,1e-05,0.04961901903152466,19
512,1e-05,0.048904191702604294,19
