Batch Size,Learning Rate,Validation Energy Loss,Achieved in Block
256,1e-05,0.04895690828561783,17
512,1e-05,0.05021736025810242,22
