Batch Size,Learning Rate,Validation Energy Loss,Achieved in Block
256,1e-05,0.047580868005752563,20
512,1e-05,0.04938478395342827,19
